Personal name	ablaing van giessenburg
Personal name	abraham d'ovale
Personal name	abraham de britto
Personal name	abraham de vrier
Personal name	absmade van den heuvel
Personal name	adriaan
Personal name	aga
Personal name	alberda
Personal name	alcaide
Personal name	alcayd
Personal name	alcayde
Personal name	aldegonde
Personal name	alderdink
Personal name	alderman
Personal name	ameliswaard
Personal name	amelot
Personal name	andre foulquier
Personal name	andries chaine
Personal name	andries de reus
Personal name	aub
Personal name	aylva
Personal name	ayrolles
Personal name	baar
Personal name	balveren
Personal name	baptista
Personal name	barendrecht
Personal name	bartholomeeus
Personal name	bartholomeus
Personal name	beaules
Personal name	beaumont
Personal name	becker
Personal name	beima
Personal name	bentinck
Personal name	bentink
Personal name	berck
Personal name	beretti landi
Personal name	bergaigne
Personal name	bergesteijn
Personal name	bergsma
Personal name	berkenroode
Personal name	bernard van rielle
Personal name	beuningen
Personal name	beverningh
Personal name	beverningk
Personal name	bigot
Personal name	bilderbeeck
Personal name	bilderbeecq
Personal name	bilderbeek
Personal name	blaing van giessenburg
Personal name	blauhulck
Personal name	bleyswyck
Personal name	boldewin
Personal name	bonaarts
Personal name	bootsma
Personal name	boreel
Personal name	borre
Personal name	bors
Personal name	borssele
Personal name	borsselen
Personal name	bosc de la calmette
Personal name	bose de la calmette
Personal name	boswel
Personal name	bouwer
Personal name	boyer
Personal name	braackel
Personal name	brakell
Personal name	brande
Personal name	brande van cleverskerke
Personal name	brantsen
Personal name	bras
Personal name	brasser
Personal name	brasset
Personal name	brederode
Personal name	brederoode
Personal name	brincko
Personal name	broeckhuysen
Personal name	broek
Personal name	broekhuisen
Personal name	broekhuisen
Personal name	broekhuisenham
Personal name	bronchorst
Personal name	bronckhorst
Personal name	bronkhorst
Personal name	brun
Personal name	brunswijck, lunenburg
Personal name	brunswyck
Personal name	bruyninx
Personal name	bugnot
Personal name	buol schauenste
Personal name	burchard
Personal name	burmania
Personal name	buteux
Personal name	butler
Personal name	buys
Personal name	buzanual
Personal name	byemont
Personal name	bylandt van marienweerd
Personal name	cadogan
Personal name	calckberner
Personal name	calkoen
Personal name	cant
Personal name	canthersten
Personal name	capelle tho ryssel
Personal name	capelle toe ryssel
Personal name	carleton
Personal name	caron
Personal name	cau
Personal name	charisius
Personal name	chudleig
Personal name	cillon
Personal name	claasz
Personal name	cleverskercke
Personal name	cleverskerken
Personal name	clouse
Personal name	coehoorn
Personal name	coenraad
Personal name	coeymans
Personal name	coljer
Personal name	conders
Personal name	copes
Personal name	coppenhage
Personal name	coppenol
Personal name	cops
Personal name	coymans
Personal name	cracou
Personal name	cracouw
Personal name	crommon
Personal name	cronstrom
Personal name	croock
Personal name	cuyck
Personal name	de betouw
Personal name	de bie
Personal name	de bitter
Personal name	de braconier
Personal name	de caracena
Personal name	de chasteauneuf
Personal name	de cocq van haaften
Personal name	de coeq van haaften
Personal name	de deker
Personal name	de dieu
Personal name	de fenelon
Personal name	de glarges
Personal name	de groot
Personal name	de heijde
Personal name	de hochepied
Personal name	de jonge van ellemeet
Personal name	de kempenaar
Personal name	de knuyt
Personal name	de laat
Personal name	de larrey
Personal name	de lier
Personal name	de milan-visconti
Personal name	de prie
Personal name	de prince van oragne
Personal name	de prié
Personal name	de ruyter
Personal name	de schmetteau
Personal name	de swart
Personal name	de thou
Personal name	de vries
Personal name	de weiler
Personal name	de welscher
Personal name	de wilde
Personal name	de witt
Personal name	dedem tot den gelder
Personal name	degenfeld
Personal name	dekers
Personal name	den bergh
Personal name	den hove
Personal name	der burg
Personal name	der does
Personal name	der goes
Personal name	der graaff
Personal name	der haare
Personal name	der hoolck
Personal name	der hoop
Personal name	der lynden
Personal name	der meer
Personal name	der straten
Personal name	der veecken
Personal name	der waayen
Personal name	derk dumbar
Personal name	des tombes
Personal name	deurs
Personal name	dijckvelt
Personal name	dmodiateur nieupoort
Personal name	donder
Personal name	dosschier
Personal name	doublet
Personal name	doublet van groeneveld
Personal name	doubleth
Personal name	douncker
Personal name	du maurier
Personal name	du tour
Personal name	dyden
Personal name	dykvelt
Personal name	eck
Personal name	eck tot nergena
Personal name	egilin
Personal name	egmond van der nyenburg
Personal name	ellemeet
Personal name	ellinckhuysen
Personal name	els
Personal name	eltdriel
Personal name	elters
Personal name	erbolt
Personal name	erburg
Personal name	erelst
Personal name	eth
Personal name	ett
Personal name	everwijn
Personal name	everwyn
Personal name	fagel
Personal name	flinck
Personal name	florentius schuyl
Personal name	fraissinet
Personal name	gallieris
Personal name	garcija
Personal name	garcije
Personal name	garcq
Personal name	garcy
Personal name	gavino
Personal name	geelvinck
Personal name	gel
Personal name	gell
Personal name	gercij
Personal name	gercn
Personal name	gerlacius
Personal name	gesseler
Personal name	ginckel
Personal name	glinstra
Personal name	gockinga
Personal name	goris
Personal name	goslinga
Personal name	gravesande
Personal name	grefsein
Personal name	greslein
Personal name	grestein
Personal name	groenevel[dt]
Personal name	groeninx
Personal name	gronsfeld
Personal name	gronsveld
Personal name	grootvorst van moscovien
Personal name	grotars
Personal name	groulart
Personal name	haaften
Personal name	haaren
Personal name	haarsolte
Personal name	haga
Personal name	hagenbach
Personal name	haltmeijer
Personal name	hamel
Personal name	hamel bruyninx
Personal name	hans
Personal name	haren
Personal name	harrach
Personal name	harrevelt
Personal name	hasebroeck
Personal name	hasselaar
Personal name	havrincourt
Personal name	havrincourtvoerst tot den borgelvan der goude
Personal name	heeckeren
Personal name	heeckeren tot den brandenburg
Personal name	heeckeren tot kell
Personal name	heeckeren tot roderlo
Personal name	heeckeren tot rooderlo
Personal name	heeckeren van brandenburg
Personal name	heeckeren van khell
Personal name	heekeren
Personal name	heekeren tot den brandenburg
Personal name	heekeren tot kell
Personal name	heekeren tot roderlo
Personal name	heekeren tot rooderlo
Personal name	heekeren van brandenburg
Personal name	heekeren van khell
Personal name	heems
Personal name	heemskerck
Personal name	heemskerk
Personal name	heemstede
Personal name	heeskerck
Personal name	heeskerk
Personal name	heiden
Personal name	heins
Personal name	henrick van reede van renswoude
Personal name	henrik
Personal name	herdersum
Personal name	herman
Personal name	hermanus
Personal name	hermitage
Personal name	herrewerts
Personal name	hester van grinsven
Personal name	hetterman
Personal name	heuckelom
Personal name	heukelom
Personal name	heyden
Personal name	heyden hompesch
Personal name	heynsius
Personal name	heysterman
Personal name	hochepied
Personal name	hochepiedt
Personal name	hoeuft
Personal name	hoey
Personal name	hogendorp
Personal name	hogguer
Personal name	hoogendorp
Personal name	hoolk
Personal name	hop
Personal name	horion
Personal name	hotton
Personal name	houwens
Personal name	hoytema
Personal name	hudson
Personal name	huygens
Personal name	huyghens
Personal name	hymmen
Personal name	iddekinge
Personal name	idsinga
Personal name	ieuburg
Personal name	ieupoort
Personal name	ijlem
Personal name	illa hermosa
Personal name	issema
Personal name	ittersum
Personal name	jans
Personal name	joachimi
Personal name	joost brasser
Personal name	jovis
Personal name	kaldenbach
Personal name	keizersfelt
Personal name	keller
Personal name	kerfbyl
Personal name	kervel
Personal name	khell
Personal name	kinckel
Personal name	kinschot
Personal name	kretschmar
Personal name	kroll
Personal name	kuyff
Personal name	kuysten
Personal name	la bassecour vegil
Personal name	la baune
Personal name	la beaune
Personal name	la borde
Personal name	la calmette
Personal name	la chavanne
Personal name	la chuillerie
Personal name	la croix de wach
Personal name	la ferte
Personal name	la motte piquet
Personal name	la peirouse
Personal name	la pottrie
Personal name	la quadra
Personal name	la sarraz
Personal name	la thuillerie
Personal name	la touche
Personal name	la tour
Personal name	la tour du pin gouvernet
Personal name	la tour du pin-gouvernet
Personal name	la ville
Personal name	laardingerwoud
Personal name	lampsen
Personal name	lamsweerde
Personal name	langerack
Personal name	langeracq
Personal name	lansberge
Personal name	lansbergen
Personal name	larrei
Personal name	laurens
Personal name	lbemarle
Personal name	lckenier
Personal name	ldringa
Personal name	le leu de wilhem
Personal name	lecq
Personal name	leiden van leeuwen
Personal name	lek
Personal name	lemker
Personal name	lesterenon
Personal name	lestevenon van berkenroode
Personal name	letocart
Personal name	lewe van aduardt
Personal name	lewe van aduart
Personal name	lexander van kervel
Personal name	lichtenberg
Personal name	lintelo
Personal name	linteloe
Personal name	lintworm
Personal name	lkenier
Personal name	loete de laake van villers
Personal name	lohman
Personal name	lokhorst
Personal name	lst
Personal name	lstorphius
Personal name	lucius
Personal name	lynden
Personal name	lynden tot hemmen
Personal name	lynden tot ressen
Personal name	lynden van blitterswyk
Personal name	lynden van hemmen
Personal name	lynden van swanenburg
Personal name	maasdam
Personal name	magis
Personal name	malapert
Personal name	marlborough
Personal name	marteville
Personal name	mauricius
Personal name	meinertzhagen
Personal name	merode
Personal name	meronge
Personal name	merongen
Personal name	meynertzhagen
Personal name	mia
Personal name	montereij
Personal name	mortaigne
Personal name	mulert
Personal name	musch
Personal name	naggers
Personal name	nicolaas eggers
Personal name	nicolaas heiliger
Personal name	nicolaas kien
Personal name	nicolaas lemmers
Personal name	nicolaas reinsdorp junior
Personal name	nicolaas ten tooren
Personal name	noordwyk
Personal name	noue
Personal name	obel
Personal name	odijck
Personal name	oerst tot den borgel
Personal name	oet van winssen
Personal name	olbergen
Personal name	oldersom
Personal name	olican
Personal name	ommeren
Personal name	oortwijck
Personal name	oortwyck
Personal name	oosterwijck
Personal name	oosterwyck
Personal name	orff
Personal name	orrery
Personal name	osbergen
Personal name	ouerkerck
Personal name	ouwerkerck, veldt - marschalck
Personal name	pacheco
Personal name	paget
Personal name	palland tot glinthuys
Personal name	pallandt
Personal name	paraviciny
Personal name	patyn
Personal name	pels
Personal name	pelser
Personal name	pelts
Personal name	pesters
Personal name	phermitage
Personal name	philips
Personal name	philips de garcye
Personal name	philips garcya
Personal name	philips garcye
Personal name	philips gercy
Personal name	phillips
Personal name	pieck
Personal name	pieck van zoelen
Personal name	pierre
Personal name	pieter
Personal name	pieterson
Personal name	plat
Personal name	pompe
Personal name	ppelboom
Personal name	prielmeier
Personal name	quarles
Personal name	quilius
Personal name	raasfelt
Personal name	randtwyck
Personal name	randwyck
Personal name	randwyk
Personal name	rantwijck
Personal name	rantwyck
Personal name	rechteren
Personal name	rechteren tot borgbeuningen
Personal name	reede
Personal name	reede van renswoude
Personal name	reinswoude
Personal name	reischach
Personal name	rheede tot ginckel
Personal name	rhijngrave
Personal name	rielle
Personal name	ripperda
Personal name	ripperda tot buirse
Personal name	ripperda tot buirze
Personal name	rnhem
Personal name	romer
Personal name	rompf
Personal name	roomer
Personal name	roorda
Personal name	rosenboom
Personal name	ross
Personal name	rouse
Personal name	rouwenoort
Personal name	royer
Personal name	rssen
Personal name	rumpf
Personal name	rumpff
Personal name	runckel
Personal name	ruysch
Personal name	ruyter
Personal name	rybergen
Personal name	rymels
Personal name	rynsdrop
Personal name	rys
Personal name	sabel
Personal name	salisch
Personal name	salomon reynders
Personal name	sanden
Personal name	saurin
Personal name	saxen eysenach
Personal name	saxen eysenach
Personal name	schaffer
Personal name	scheltus
Personal name	schimmelpenning van der oye
Personal name	schimmelpenningh
Personal name	schimmelpenningh van der oije
Personal name	schimmelpenningk van der oye
Personal name	schmetteau
Personal name	scholten
Personal name	schonenberg
Personal name	schonenbergh
Personal name	schoock
Personal name	schoonenbergh
Personal name	schrasser
Personal name	schulenburg
Personal name	schuyl
Personal name	schwartzenbergh
Personal name	singendonck
Personal name	slicher
Personal name	slingelandt van goidschalxoord
Personal name	sloet
Personal name	sloet tot de haare
Personal name	sloet tot warmelo
Personal name	sminia
Personal name	soermans
Personal name	soetelaars
Personal name	solte
Personal name	sommelsdyck
Personal name	sonnevelt
Personal name	sopdorp
Personal name	sousa
Personal name	spaan
Personal name	spaan van hardestein
Personal name	spagne
Personal name	spanbroeck
Personal name	spanheim
Personal name	spieringh
Personal name	spina
Personal name	spronssen
Personal name	ssau-zeyst
Personal name	ssendelft
Personal name	staakenbeecq
Personal name	staakenbeek
Personal name	stanhope
Personal name	stavenisse
Personal name	sterrenburg
Personal name	straffort
Personal name	strijcker
Personal name	sturler
Personal name	suerius
Personal name	swanenburg
Personal name	swanennenburg
Personal name	taats van amerongen
Personal name	tamminga
Personal name	tempelaar
Personal name	tengnagel
Personal name	thierry de bye
Personal name	thouron
Personal name	thourron
Personal name	til
Personal name	tilly
Personal name	tinne
Personal name	torck
Personal name	torck van roosendaal
Personal name	tork van roosendaal
Personal name	travest
Personal name	trip
Personal name	tromp
Personal name	tulleken
Personal name	turckschen keizer
Personal name	twickel
Personal name	umbgroeve
Personal name	umbgroeven
Personal name	utenhove tot bottestein
Personal name	van buzenval
Personal name	van chastillon
Personal name	van cleverskerken
Personal name	van consfelt
Personal name	van cruiningen
Personal name	van den steen
Personal name	van dyk
Personal name	van ek
Personal name	van grieken
Personal name	van gulik
Personal name	van opdam
Personal name	van rhyn
Personal name	van waveren
Personal name	velt
Personal name	verbolt
Personal name	walta
Personal name	wark
Personal name	warnsman
Personal name	wartensleben
Personal name	wasmuht
Personal name	wassenaar tot wassenaar
Personal name	webster blount
Personal name	weede
Personal name	welderen
Personal name	welderen, van oldersom
Personal name	werckendam
Personal name	wichers
Personal name	wijnbergen
Personal name	willem
Personal name	wimmenum
Personal name	wirtembergh
Personal name	wolffsen
Personal name	wouter
Personal name	wykel
Personal name	wynbergen
Personal name	ylem
Personal name	ylva
Personal name	ysselmuyden
Personal name	yssen
Personal name	zoete de laake van villers
Personal name	lynden tot hemmen
Personal name	heekeren tot den brantzenborg
Personal name	lynden tot ressen
Personal name	heekeren van khell
Personal name	haarsolte tot yrst
Personal name	zuylen van nieveld
Personal name	tuyl van serooskerken
Personal name	velen en megen
Personal name	leyden van leeuwen
Personal name	slingeland van goidschalxoord
Personal name	heekeren van kell
Personal name	utenhove tot bottestein
Personal name	lynden van swanenburg
Personal name	lynden van hemmen
Personal name	lynden tot hemmen
Personal name	lynden van swanenburg
Personal name	lynden van blitterswyk
Personal name	lynden tot ressen
Personal name	lynden van ressen
Personal name	lynden en van hardenbroek van lokhorst
Personal name	lynden tot de park
Personal name	lynden tot swanenburg
Personal name	blauw en meyer
Personal name	rheede tot pinkel
Personal name	reede tot pinkel
Personal name	heekeren van brantsenburg van tuyll van zuylen
Personal name	rheede tot ginkel
Personal name	velen en megen
Personal name	reede tot tinkel
Personal name	reede tot pinkel
Personal name	reede tot ginkel
Personal name	reede van renswoude
Personal name	inhuysen en kniphuysen
Personal name	in-en kniphuysen
Personal name	in en kniphuysen
Personal name	heekeren tot zuyderas
Personal name	ripperda tot vorden
Personal name	de argenson
Personal name	haaren en van heiden
Personal name	rhyngraaf van salm
Personal name	byland van marienweerd
Personal name	lans berge
Personal name	tuyll van zuylen
Personal name	nassau sarbrugge
Personal name	merey argenteau
Personal name	saxen heylborg
Personal name	holsteyn norburg
Personal name	nassau sarbruke
Personal name	de avaux
Personal name	voerst tot den borgel
Personal name	van demont
Personal name	holsteyn pleun
Personal name	buol schavenstein
Personal name	holsteyn beek
Personal name	van den groenendyk
Personal name	nassau weylborg
Personal name	zuylen van nyevelt
Personal name	de affry
Personal name	nassau siegen
Personal name	nassau usingen
Personal name	nassau bergen
Personal name	nassau orange
Personal name	wartens leben
Personal name	zuylen van nyveld
Personal name	ter heyde
Personal name	saxen coburg
Personal name	sikingen tot ebernburg
Personal name	zynden van hemmen
Personal name	ter veer
Personal name	ammanie van montfort
Personal name	van den calmynberch
Personal name	nagel tot rynenburg
Personal name	oldenbarnevelt
Personal name	konigsegg-erps
Personal name	nassau-weylburg
Personal name	nassau-weilburg
Personal name	milan-visconti
Personal name	nassau-usingen
Personal name	nassau-siegen
Personal name	sebastiaan
Personal name	kinkhuysen
Personal name	ledenberch
Personal name	linnenburch
Personal name	starkenborg
Personal name	starrenberg
Personal name	starrenburch
Personal name	stervenburg
Personal name	sydenburch
Personal name	castel moncaijo
Personal name	castel monraijo
Personal name	Castel montcaijo
Personal name	halst
Personal name	buyren
Personal name	hemert
Personal name	wartensleben
Personal name	marteville
Personal name	aarssen van sommelsdyk
Personal name	duvenvoirde
Personal name	geritshoven
Personal name	reischach
Personal name	middelwolde
Personal name	liedekerken
Personal name	liedekerkeni
Personal name	liekerke
Personal name	ittersum
Personal name	van itter
Personal name	de ittre
Personal name	reigersberg
Personal name	hohenlohe en waldenburg
Personal name	hekeren tot brantsenborg
Personal name	nyle
Personal name	czartorysky
Personal name	saxen eysenach
Personal name	saxen eyssenach
Personal name	saxen eyssenak
Personal name	saxen eysenaan
Personal name	saxen eysenak
Personal name	saxen eysenac
Personal name	saxen eyzenach
Personal name	almery clos en belvidere
Personal name	almery closs en belvidere
Personal name	cadier en blankenburg
Personal name	cadier en blankenberg
Personal name	govaart
Personal name	griensfoort en appel
Personal name	gransfort en appel
Personal name	grunsfoort en appel
Personal name	grunsfuurt en appel
Personal name	horst tot roscau
Personal name	horst en pesch
Personal name	horst matenesse
Personal name	horst mol staakmans
Personal name	witten horst
Personal name	van der horst
Personal name	ter horst
Personal name	heekeren van nettel
Personal name	heekeren van nette
Personal name	heekeren van nestel
Personal name	brouk horst
Personal name	holsteyn gottorp
Personal name	holsteyn-gottorp
Personal name	schlerwig holsteen gottorp
Personal name	holsteyn gottorff
Personal name	huys van gottorp
Personal name	nassau vriesland
Personal name	nassau-drenthe
Particle	's
Particle	't
Particle	't 
Particle	aan
Particle	aande
Particle	aanden
Particle	alle
Particle	als
Particle	andere
Particle	anders
Particle	beden
Particle	beede
Particle	beneden
Particle	benoorden
Particle	beyde
Particle	binnen
Particle	booven
Particle	by
Particle	de
Particle	deesen
Particle	den
Particle	denselven
Particle	der
Particle	der
Particle	des
Particle	desen
Particle	di
Particle	die
Particle	dien
Particle	een
Particle	ek
Particle	en
Particle	geheel
Particle	geleegen
Particle	gelegen
Particle	genaamd
Particle	genaamt
Particle	haar
Particle	het
Particle	het'
Particle	hoge
Particle	hoog
Particle	hooggemelde
Particle	hooy
Particle	hoy
Particle	inden
Particle	is
Particle	la
Particle	lage
Particle	lage
Particle	langs
Particle	mog
Particle	mogend
Particle	mogende
Particle	mogenden
Particle	namen
Particle	nevens
Particle	of
Particle	off
Particle	ofte
Particle	onder
Particle	onderhoorige
Particle	onderhorig
Particle	onderhorige
Particle	ontrent
Particle	op
Particle	op
Particle	opden
Particle	opten
Particle	oude
Particle	over
Particle	selven
Particle	synde
Particle	t'
Particle	te
Particle	ten
Particle	ter
Particle	tho
Particle	tot
Particle	tusschen
Particle	uyt
Particle	van
Particle	vandien
Particle	vans
Particle	voor
Particle	vrye
Particle	zynde
Particle	boven
Particle	dyen
Particle	noorden van
Misc	' canaal
Misc	' ryk
Misc	accynsen
Misc	aceynsen
Misc	aceysen
Misc	armée
Misc	ascendenti linea
Misc	banden van den apostel petrus
Misc	banke van leeninge
Misc	beveylinge
Misc	brabants maastrichter
Misc	chambre mipartye
Misc	chambre mypartye
Misc	compagnieschip
Misc	coopstad en rochussen
Misc	croon
Misc	cust
Misc	custen
Misc	de ander
Misc	de een
Misc	de oen
Misc	de zee
Misc	den tol
Misc	dyken polder
Misc	eenhoorn
Misc	engelsch klipzout
Misc	fransche kaaper
Misc	fransche kerk
Misc	fransche kroon
Misc	fransche magazynen
Misc	galeyen
Misc	geallieerden
Misc	groot brittannische
Misc	groot hertog
Misc	groot pericul
Misc	hanzee steden
Misc	harinchtonnen
Misc	hemmen burggraaf richter en dykgraaf des ryks van nymegen
Misc	hof
Misc	hoorngelden
Misc	keiserlyk territoir
Misc	kesselsche graaf
Misc	klooster kerk
Misc	koeken
Misc	kreupele geevels
Misc	landloopers
Misc	landtol
Misc	lange straat
Misc	lantthol
Misc	leeme wanden
Misc	marine
Misc	monarchie
Misc	naauw van de straat
Misc	octroyen
Misc	oost-en westzyde
Misc	oostindische compaignie
Misc	orange blanche bleu
Misc	ottomannische porta
Misc	quartier schout sweerts
Misc	quartier schouten
Misc	raden
Misc	recht van aubaine
Misc	regieringe
Misc	roomsche kerk
Misc	ryswyksche vreede
Misc	schip
Misc	schorre landen
Misc	st. florentin
Misc	st. hilaire
Misc	st. james
Misc	st. maurice
Misc	st. maurice
Misc	st. severin
Misc	stad holder
Misc	steenhandel
Misc	subsidien
Misc	taal
Misc	taale
Misc	tale
Misc	tollen
Misc	turkschen keyzen
Misc	unie
Misc	vaderland
Misc	vagabonden
Misc	visscherye
Misc	vlagge
Misc	vloot
Misc	vnie
Misc	vuylnis
Misc	vvanden
Misc	vyande
Misc	vyanden
Misc	vyandts
Misc	vyants
Misc	westindische compe
Misc	zoute visch
Misc	zuyden van europa
Misc	altaren
Misc	altaaren
Misc	corvette
Misc	caravella
Misc	een berg
Misc	een bergh
Misc	een berge
Misc	purmerlust en ter horst
Misc	capiteyn
Misc	groot hollandia
Misc	st. martin tot
Misc	st. marten tot
Misc	st. martyn tot
Misc	soutelande en schaap
Misc	hessen schratenbag soutelande uflingen
Misc	chartres en privileglen
Misc	princes louysa augustad
Misc	aardappelen
Misc	adel
Misc	admiraliteit
Misc	admiraliteyt
Misc	agent
Misc	bank
Misc	banke
Misc	banken
Misc	bede
Misc	bedykinge
Misc	beeden
Misc	berg
Misc	bodem
Misc	bona
Misc	boullion
Misc	boullon
Misc	bouyllon
Misc	boven
Misc	brandewynen
Misc	bullion
Misc	bur
Misc	camp
Misc	cantonneerings
Misc	capittel
Misc	castel
Misc	compe
Misc	con
Misc	conink
Misc	coopstad
Misc	coperen
Misc	corpus
Misc	costen
Misc	dauphine
Misc	deeken
Misc	dingbanke
Misc	dom-capittel
Misc	doostzyde
Misc	drie
Misc	dykage
Misc	dykagie
Misc	dykagien
Misc	elf
Misc	ert'
Misc	generaliteyt
Misc	generaliteyts
Misc	gerechte
Misc	godtshuys
Misc	gog
Misc	gr
Misc	h
Misc	handel
Misc	handel
Misc	haver
Misc	havre
Misc	heer
Misc	heere
Misc	hertogen
Misc	hes
Misc	heyde
Misc	hoek
Misc	hoofd quartier
Misc	hoofd-quartier
Misc	hoofdbanke
Misc	hoofdquartier
Misc	hooftbanke
Misc	hooftquartier
Misc	hoon
Misc	huyse
Misc	ingelanden
Misc	jaren
Misc	jurisdictie
Misc	kaamer
Misc	kaay
Misc	koeken
Misc	koele
Misc	koeyen
Misc	koopstad
Misc	landsdach
Misc	landtdach
Misc	landtgrave
Misc	landtsdach
Misc	lantgraaff
Misc	leeger
Misc	leenen
Misc	leger
Misc	leopold
Misc	leopoldt
Misc	leyningen
Misc	licent
Misc	may
Misc	menschen
Misc	mill
Misc	mond
Misc	n
Misc	noord
Misc	noort
Misc	oosten
Misc	oostzyde
Misc	orlogen
Misc	ossen
Misc	oversten
Misc	oye
Misc	partage
Misc	pastorye
Misc	pik
Misc	plaats
Misc	plaatsen
Misc	plenipotentiaris
Misc	princen
Misc	prins
Misc	prinsen
Misc	provinciaal
Misc	quote
Misc	reede
Misc	refuge
Misc	rek
Misc	ressort
Misc	ridderschap
Misc	roede
Misc	ruyteren
Misc	scheependomme
Misc	schependom
Misc	schependomme
Misc	schout
Misc	sodomie
Misc	soldaat
Misc	souverainiteyt
Misc	spaignarden
Misc	straatman
Misc	stroo
Misc	suyker-rafinaderyen
Misc	suykeren
Misc	syroopen
Misc	touwwerk
Misc	uterwyk
Misc	vaart
Misc	vee
Misc	via
Misc	vicq
Misc	visconti
Misc	vlas
Misc	volks
Misc	voorpoorte
Misc	vork
Misc	vreemden
Misc	vry
Misc	vryheid
Misc	vryheyd
Misc	vryheydt
Misc	vryheyt
Misc	vyant
Misc	wage
Misc	winkel
Misc	wolle
Misc	wollen
Misc	wyn
Misc	wynen
Misc	wyngaarden
Misc	zonden
Misc	sluysen
Misc	duynen
Misc	veenen
Misc	bonden
Misc	mekelen
Misc	lenden
Misc	thoorn
Misc	halst
Misc	monstering
Misc	monsteringe
Misc	monsteringen
Misc	burlinchton
Misc	armade
Misc	schoutampt
Misc	provyanden
Misc	barriere
Misc	veneris
